User_ID,action_count
1000001,7
1000002,5
1000003,4
1000004,8
1000005,4
1000006,8
1000007,7
1000008,5
1000010,9
1000011,4
1000012,3
1000013,4
1000014,7
1000017,8
1000019,5
1000020,6
1000021,4
1000022,3
1000023,7
1000025,8
1000026,4
1000027,6
1000028,6
1000029,7
1000031,6
1000033,5
1000035,2
1000036,3
1000037,3
1000039,7
1000040,4
1000041,6
1000042,5
1000043,6
1000044,6
1000046,3
1000047,4
1000048,4
1000049,6
1000050,6
1000052,4
1000053,4
1000054,2
1000055,4
1000056,4
1000057,3
1000058,2
1000059,11
1000060,3
1000061,1
1000062,3
1000063,6
1000065,6
1000067,3
1000068,3
1000069,9
1000071,6
1000072,7
1000073,2
1000074,4
1000075,5
1000076,7
1000077,9
1000078,3
1000079,4
1000082,4
1000083,5
1000084,3
1000086,4
1000087,4
1000088,9
1000090,2
1000092,4
1000093,6
1000095,5
1000096,5
1000097,4
1000098,6
1000099,6
1000100,3
1000101,4
1000104,4
1000105,4
1000106,8
1000107,9
1000109,7
1000110,4
1000112,3
1000113,5
1000114,7
1000115,5
1000116,4
1000117,4
1000118,5
1000119,5
1000120,13
1000121,6
1000123,4
1000124,5
1000126,4
1000127,4
1000128,4
1000129,9
1000130,6
1000131,7
1000132,6
1000134,4
1000135,7
1000137,6
1000138,7
1000139,4
1000140,5
1000141,8
1000142,3
1000143,5
1000144,6
1000146,2
1000147,6
1000148,5
1000149,5
1000151,11
1000153,5
1000154,9
1000155,5
1000156,7
1000159,2
1000160,6
1000161,4
1000162,5
1000163,3
1000164,6
1000165,3
1000166,4
1000167,6
1000170,7
1000171,9
1000172,1
1000173,6
1000174,8
1000175,5
1000176,3
1000177,7
1000179,9
1000181,2
1000183,3
1000184,5
1000185,12
1000187,2
1000188,3
1000189,3
1000190,3
1000191,3
1000192,1
1000193,9
1000194,3
1000195,6
1000196,6
1000197,6
1000198,2
1000201,4
1000202,4
1000203,3
1000204,5
1000205,0
1000206,3
1000207,3
1000208,4
1000210,4
1000211,1
1000212,8
1000213,4
1000214,4
1000215,5
1000216,5
1000217,1
1000218,4
1000219,2
1000220,5
1000221,4
1000223,1
1000224,7
1000225,3
1000226,4
1000227,4
1000230,2
1000232,4
1000233,3
1000235,5
1000236,5
1000237,3
1000238,6
1000239,5
1000242,10
1000243,4
1000244,2
1000245,8
1000247,2
1000250,0
1000251,2
1000253,1
1000254,2
1000256,4
1000257,2
1000258,2
1000259,5
1000261,6
1000262,8
1000263,3
1000265,6
1000266,6
1000267,9
1000268,6
1000269,1
1000270,5
1000271,2
1000272,4
1000273,7
1000274,5
1000275,9
1000276,4
1000277,4
1000278,6
1000279,7
1000281,4
1000282,7
1000283,2
1000284,2
1000285,2
1000286,6
1000287,6
1000288,11
1000289,3
1000290,3
1000292,4
1000295,5
1000296,5
1000299,5
1000300,7
1000301,7
1000302,4
1000303,7
1000305,5
1000306,6
1000307,2
1000308,5
1000310,6
1000311,5
1000312,9
1000313,1
1000314,3
1000315,5
1000317,5
1000318,4
1000319,6
1000321,4
1000322,4
1000323,5
1000327,5
1000328,9
1000329,6
1000330,4
1000331,8
1000332,3
1000333,2
1000335,4
1000336,6
1000337,7
1000338,6
1000339,4
1000340,5
1000341,7
1000342,4
1000343,9
1000344,1
1000345,6
1000346,6
1000348,6
1000349,7
1000351,6
1000353,9
1000354,4
1000356,9
1000357,2
1000358,2
1000359,4
1000360,4
1000361,4
1000362,8
1000363,3
1000364,6
1000365,5
1000366,1
1000367,7
1000369,3
1000370,11
1000371,5
1000373,7
1000375,2
1000376,2
1000377,5
1000378,5
1000379,5
1000380,1
1000383,6
1000384,6
1000385,7
1000386,2
1000387,4
1000388,3
1000389,8
1000390,10
1000391,7
1000392,4
1000393,8
1000395,8
1000396,3
1000397,3
1000398,4
1000399,8
1000400,2
1000401,2
1000403,7
1000404,5
1000405,1
1000406,9
1000407,12
1000408,5
1000410,5
1000412,6
1000413,4
1000414,5
1000416,5
1000417,2
1000418,3
1000420,5
1000422,9
1000424,2
1000425,7
1000428,6
1000429,7
1000430,5
1000431,2
1000432,7
1000434,3
1000435,7
1000436,5
1000437,6
1000439,5
1000441,5
1000442,1
1000443,3
1000444,3
1000445,3
1000447,3
1000449,3
1000450,5
1000451,5
1000452,7
1000453,5
1000455,5
1000456,7
1000457,4
1000458,4
1000459,8
1000460,5
1000461,1
1000462,8
1000463,8
1000464,3
1000465,8
1000467,3
1000468,4
1000471,6
1000475,4
1000476,5
1000478,2
1000479,4
1000480,3
1000481,5
1000482,6
1000483,6
1000484,1
1000485,5
1000486,3
1000488,3
1000489,5
1000490,2
1000491,10
1000493,5
1000494,2
1000495,5
1000496,4
1000497,6
1000498,6
1000499,3
1000500,4
1000501,7
1000503,0
1000504,7
1000505,5
1000506,3
1000508,5
1000509,2
1000510,6
1000511,6
1000512,3
1000513,3
1000514,1
1000515,5
1000516,1
1000517,3
1000518,2
1000519,1
1000520,2
1000521,5
1000522,4
1000523,6
1000524,6
1000525,2
1000526,6
1000527,8
1000528,2
1000529,7
1000530,2
1000532,4
1000533,5
1000534,7
1000537,5
1000538,6
1000540,2
1000541,5
1000542,7
1000543,10
1000544,6
1000546,4
1000547,4
1000548,6
1000549,4
1000551,5
1000552,3
1000553,2
1000555,3
1000557,1
1000558,5
1000559,4
1000560,4
1000561,4
1000563,8
1000564,7
1000565,8
1000567,5
1000568,4
1000569,5
1000570,6
1000571,5
1000572,6
1000573,7
1000574,6
1000575,7
1000576,4
1000579,3
1000580,3
1000581,5
1000582,9
1000583,5
1000584,6
1000586,4
1000588,3
1000589,11
1000591,8
1000592,4
1000593,8
1000594,6
1000595,7
1000596,5
1000597,6
1000598,6
1000601,6
1000602,7
1000603,3
1000604,4
1000606,7
1000607,5
1000608,3
1000609,5
1000610,4
1000611,2
1000613,5
1000614,5
1000615,6
1000616,2
1000617,4
1000618,4
1000619,2
1000620,7
1000621,7
1000622,6
1000624,4
1000628,5
1000629,5
1000630,8
1000631,4
1000632,6
1000633,6
1000634,5
1000635,6
1000636,3
1000637,4
1000638,5
1000639,8
1000640,4
1000641,6
1000642,6
1000643,4
1000644,5
1000645,4
1000646,3
1000647,4
1000648,6
1000649,2
1000650,7
1000651,5
1000652,6
1000653,7
1000654,11
1000657,3
1000658,5
1000659,3
1000660,2
1000661,4
1000662,1
1000663,2
1000664,5
1000665,5
1000666,6
1000667,10
1000668,4
1000669,8
1000670,5
1000671,3
1000672,3
1000673,4
1000674,9
1000675,4
1000676,2
1000678,7
1000679,3
1000680,1
1000681,0
1000683,4
1000685,7
1000686,3
1000687,6
1000688,5
1000689,11
1000690,3
1000691,6
1000693,5
1000694,3
1000695,7
1000696,6
1000698,5
1000699,8
1000700,8
1000701,6
1000703,6
1000704,3
1000705,6
1000708,7
1000709,6
1000710,4
1000712,4
1000714,4
1000715,8
1000716,7
1000717,5
1000718,1
1000719,6
1000720,3
1000721,4
1000722,7
1000723,3
1000724,7
1000725,4
1000726,2
1000727,3
1000728,12
1000729,2
1000730,8
1000732,7
1000733,2
1000734,2
1000735,8
1000736,6
1000737,8
1000738,2
1000739,5
1000740,5
1000741,6
1000742,2
1000744,3
1000745,6
1000746,5
1000750,3
1000751,4
1000754,4
1000755,7
1000757,4
1000758,3
1000759,3
1000760,5
1000761,5
1000762,7
1000763,5
1000766,6
1000767,2
1000768,7
1000769,4
1000770,4
1000771,2
1000772,7
1000773,8
1000774,0
1000775,5
1000776,5
1000777,6
1000778,3
1000779,2
1000780,4
1000781,10
1000782,5
1000783,5
1000785,2
1000786,4
1000787,1
1000789,3
1000790,9
1000791,0
1000792,5
1000793,4
1000794,5
1000796,5
1000797,4
1000798,4
1000799,7
1000800,1
1000802,4
1000803,6
1000804,2
1000805,7
1000807,7
1000810,6
1000814,7
1000815,4
1000816,11
1000817,7
1000818,4
1000819,4
1000820,8
1000821,2
1000822,3
1000823,5
1000824,4
1000825,3
1000826,6
1000827,5
1000828,2
1000829,5
1000830,5
1000831,4
1000832,2
1000833,4
1000834,5
1000835,6
1000836,3
1000837,4
1000838,4
1000839,5
1000840,7
1000841,5
1000842,6
1000843,5
1000844,3
1000845,2
1000846,4
1000847,5
1000848,8
1000849,3
1000850,1
1000851,1
1000852,5
1000853,8
1000854,7
1000855,6
1000856,2
1000857,5
1000858,4
1000859,6
1000860,3
1000861,3
1000862,4
1000863,6
1000864,5
1000865,10
1000867,8
1000868,12
1000869,2
1000870,4
1000871,9
1000872,3
1000873,6
1000874,4
1000875,8
1000876,4
1000877,5
1000879,3
1000881,5
1000883,3
1000884,7
1000885,9
1000886,8
1000887,6
1000888,1
1000889,4
1000891,8
1000892,7
1000893,6
1000895,4
1000896,3
1000898,8
1000899,2
1000900,3
1000901,7
1000902,8
1000903,4
1000904,7
1000905,3
1000906,4
1000907,1
1000909,4
1000910,4
1000911,5
1000912,5
1000913,3
1000914,5
1000915,7
1000917,1
1000918,4
1000919,8
1000920,5
1000921,6
1000922,2
1000923,6
1000924,5
1000925,5
1000926,4
1000928,4
1000929,7
1000930,2
1000931,4
1000932,4
1000933,3
1000934,2
1000935,5
1000936,9
1000937,3
1000938,1
1000939,4
1000940,6
1000941,4
1000942,3
1000943,3
1000944,9
1000945,6
1000946,7
1000947,4
1000948,3
1000949,5
1000950,7
1000951,7
1000952,5
1000953,4
1000954,5
1000955,4
1000956,7
1000957,4
1000958,4
1000959,6
1000960,6
1000962,3
1000963,2
1000964,9
1000966,6
1000967,3
1000968,8
1000969,7
1000971,2
1000972,5
1000973,6
1000974,9
1000975,10
1000976,5
1000977,4
1000979,5
1000980,3
1000981,5
1000982,5
1000983,3
1000984,9
1000985,4
1000986,5
1000987,4
1000988,4
1000989,6
1000990,3
1000991,4
1000992,6
1000993,7
1000994,4
1000996,3
1000998,4
1000999,2
1001000,5
1001001,6
1001002,3
1001004,2
1001005,10
1001006,5
1001007,8
1001008,5
1001009,4
1001010,3
1001011,6
1001012,7
1001013,2
1001014,8
1001015,6
1001016,5
1001017,5
1001018,3
1001019,6
1001020,1
1001021,10
1001022,3
1001024,3
1001025,7
1001026,6
1001027,5
1001029,4
1001030,6
1001031,9
1001032,9
1001035,8
1001036,1
1001037,6
1001038,2
1001041,5
1001042,6
1001044,2
1001046,5
1001049,6
1001051,4
1001052,4
1001053,2
1001054,3
1001055,2
1001056,6
1001057,1
1001059,8
1001060,2
1001061,6
1001062,4
1001063,11
1001064,3
1001065,6
1001066,10
1001067,7
1001068,3
1001069,3
1001070,8
1001071,4
1001072,5
1001073,5
1001077,9
1001078,6
1001079,4
1001080,7
1001081,9
1001082,5
1001083,5
1001084,3
1001086,7
1001088,6
1001089,4
1001090,3
1001092,4
1001093,4
1001094,8
1001095,6
1001096,0
1001097,4
1001099,1
1001100,5
1001101,7
1001102,3
1001103,5
1001104,2
1001105,5
1001106,5
1001107,10
1001108,6
1001110,3
1001111,11
1001112,9
1001113,0
1001114,4
1001115,8
1001116,4
1001117,3
1001118,7
1001119,9
1001121,6
1001122,2
1001123,7
1001124,1
1001125,4
1001126,4
1001127,4
1001128,4
1001131,4
1001132,5
1001133,5
1001134,3
1001135,7
1001136,5
1001137,7
1001138,4
1001139,9
1001140,7
1001141,8
1001142,8
1001144,5
1001146,2
1001147,3
1001148,4
1001149,4
1001150,9
1001151,8
1001152,4
1001153,4
1001154,6
1001155,4
1001156,6
1001157,4
1001158,5
1001160,6
1001161,2
1001163,5
1001165,7
1001166,9
1001167,6
1001168,3
1001169,6
1001170,6
1001172,4
1001174,8
1001175,2
1001178,1
1001179,11
1001180,4
1001181,2
1001182,2
1001183,5
1001185,5
1001186,5
1001188,3
1001189,6
1001190,4
1001191,2
1001192,3
1001196,3
1001197,7
1001199,6
1001201,11
1001202,5
1001203,3
1001204,9
1001205,4
1001206,1
1001207,6
1001208,7
1001209,3
1001211,10
1001212,4
1001214,7
1001215,5
1001216,3
1001217,5
1001218,4
1001219,3
1001220,7
1001223,6
1001225,7
1001226,5
1001227,6
1001228,3
1001229,2
1001230,4
1001231,4
1001232,4
1001233,4
1001234,1
1001235,2
1001236,11
1001237,1
1001238,5
1001239,4
1001240,4
1001241,6
1001242,4
1001243,1
1001244,7
1001246,7
1001247,6
1001248,4
1001249,2
1001250,9
1001251,6
1001252,5
1001253,8
1001255,9
1001256,8
1001257,5
1001258,8
1001259,5
1001260,5
1001261,8
1001263,7
1001264,7
1001265,3
1001266,4
1001267,6
1001268,9
1001270,9
1001271,8
1001272,5
1001274,9
1001275,7
1001276,5
1001277,5
1001278,5
1001279,6
1001280,5
1001281,1
1001282,6
1001283,2
1001284,3
1001285,3
1001286,3
1001287,6
1001288,7
1001289,5
1001290,5
1001291,11
1001292,8
1001293,6
1001294,6
1001295,3
1001297,5
1001299,7
1001300,4
1001301,2
1001302,4
1001304,6
1001305,9
1001306,6
1001307,7
1001308,7
1001309,4
1001310,7
1001312,4
1001313,5
1001314,2
1001315,2
1001317,8
1001318,10
1001319,7
1001321,8
1001325,4
1001326,6
1001327,4
1001328,4
1001330,3
1001332,3
1001333,5
1001334,5
1001335,9
1001337,3
1001338,9
1001339,2
1001340,2
1001341,6
1001342,2
1001343,7
1001344,6
1001345,8
1001347,8
1001348,6
1001349,3
1001350,4
1001351,5
1001353,4
1001354,7
1001356,7
1001357,5
1001359,2
1001360,2
1001361,5
1001362,5
1001364,1
1001365,4
1001366,1
1001367,3
1001368,0
1001369,6
1001370,6
1001373,5
1001374,5
1001376,5
1001377,3
1001378,6
1001379,7
1001381,4
1001382,5
1001383,8
1001385,4
1001386,2
1001387,4
1001388,5
1001389,5
1001390,6
1001391,8
1001392,6
1001393,8
1001395,7
1001396,10
1001397,5
1001399,3
1001400,5
1001402,9
1001403,6
1001404,5
1001405,5
1001406,5
1001408,6
1001409,13
1001410,4
1001411,6
1001413,5
1001414,5
1001415,4
1001416,3
1001417,2
1001418,11
1001419,3
1001421,6
1001423,5
1001424,8
1001425,5
1001427,5
1001428,8
1001429,6
1001430,5
1001431,5
1001432,4
1001433,4
1001435,3
1001436,8
1001437,9
1001438,5
1001440,5
1001441,5
1001442,4
1001443,6
1001444,8
1001445,4
1001446,7
1001447,5
1001448,3
1001450,5
1001451,5
1001453,3
1001454,3
1001456,5
1001457,5
1001458,4
1001459,5
1001460,4
1001461,6
1001462,4
1001463,9
1001464,5
1001465,9
1001466,4
1001467,6
1001468,1
1001470,6
1001471,1
1001473,3
1001474,2
1001475,4
1001476,3
1001477,6
1001478,2
1001479,4
1001480,5
1001482,9
1001483,1
1001485,6
1001487,7
1001488,6
1001490,4
1001491,2
1001492,3
1001493,2
1001494,3
1001495,4
1001496,3
1001498,6
1001500,2
1001501,7
1001502,2
1001503,3
1001504,4
1001505,2
1001507,4
1001509,8
1001511,5
1001512,10
1001513,5
1001514,3
1001516,8
1001517,5
1001518,3
1001519,5
1001520,1
1001521,3
1001522,1
1001523,4
1001524,6
1001525,2
1001526,5
1001527,4
1001528,6
1001529,4
1001530,3
1001531,6
1001532,7
1001533,9
1001535,9
1001536,2
1001537,4
1001538,4
1001539,6
1001540,7
1001541,6
1001542,3
1001543,6
1001545,8
1001547,3
1001548,7
1001549,5
1001550,7
1001552,2
1001553,5
1001554,8
1001555,4
1001556,5
1001557,3
1001559,5
1001561,1
1001564,7
1001565,8
1001566,6
1001568,1
1001569,5
1001571,3
1001572,3
1001573,8
1001574,3
1001575,6
1001576,11
1001577,5
1001578,9
1001579,4
1001580,6
1001581,5
1001582,7
1001583,4
1001584,6
1001585,6
1001586,7
1001587,2
1001588,3
1001589,3
1001590,4
1001591,4
1001592,4
1001593,6
1001594,7
1001595,6
1001597,3
1001598,4
1001599,3
1001601,3
1001602,0
1001603,1
1001604,5
1001605,2
1001606,3
1001607,3
1001608,5
1001609,2
1001610,10
1001611,3
1001613,6
1001614,7
1001615,4
1001616,4
1001619,3
1001620,7
1001622,3
1001623,9
1001624,6
1001625,6
1001626,3
1001627,8
1001628,0
1001629,5
1001630,9
1001632,4
1001634,5
1001635,5
1001636,6
1001637,6
1001638,2
1001639,0
1001640,6
1001641,3
1001642,4
1001643,3
1001644,7
1001645,5
1001646,5
1001647,9
1001648,9
1001649,8
1001650,5
1001652,8
1001653,4
1001654,5
1001656,5
1001657,4
1001659,5
1001660,1
1001661,2
1001662,6
1001664,6
1001665,4
1001666,3
1001667,4
1001668,7
1001669,0
1001671,7
1001674,6
1001675,3
1001676,7
1001677,5
1001678,9
1001679,5
1001680,3
1001681,9
1001682,3
1001683,5
1001684,3
1001686,8
1001687,4
1001688,7
1001689,7
1001690,7
1001691,1
1001692,8
1001693,8
1001694,4
1001697,2
1001698,4
1001699,7
1001701,2
1001702,4
1001703,2
1001704,6
1001705,1
1001706,4
1001708,4
1001709,2
1001710,7
1001711,5
1001712,6
1001713,5
1001714,3
1001715,8
1001716,2
1001717,2
1001718,5
1001720,3
1001722,3
1001723,6
1001724,3
1001725,5
1001726,7
1001728,3
1001730,3
1001731,9
1001732,3
1001734,9
1001735,1
1001736,7
1001737,11
1001740,8
1001741,4
1001743,2
1001744,4
1001745,4
1001747,3
1001749,4
1001750,3
1001751,3
1001752,5
1001753,5
1001754,5
1001755,5
1001756,7
1001757,7
1001758,4
1001759,4
1001760,5
1001761,4
1001762,3
1001763,9
1001764,3
1001765,4
1001767,10
1001768,5
1001769,4
1001770,3
1001772,3
1001773,7
1001775,7
1001776,4
1001777,3
1001778,5
1001779,4
1001780,5
1001782,4
1001783,4
1001784,6
1001785,4
1001786,6
1001787,3
1001788,11
1001789,6
1001790,3
1001791,4
1001792,9
1001793,5
1001794,4
1001795,7
1001796,0
1001797,6
1001798,7
1001799,3
1001800,7
1001801,5
1001802,5
1001803,6
1001804,4
1001805,3
1001806,4
1001807,2
1001808,3
1001809,7
1001810,4
1001811,12
1001812,3
1001813,8
1001814,5
1001815,8
1001816,5
1001817,7
1001819,3
1001820,7
1001822,4
1001823,8
1001824,2
1001825,4
1001827,4
1001828,4
1001829,3
1001830,2
1001831,5
1001833,5
1001834,6
1001835,5
1001836,4
1001837,5
1001839,2
1001840,1
1001842,4
1001843,3
1001844,5
1001846,4
1001847,4
1001848,3
1001849,5
1001850,5
1001851,8
1001852,8
1001853,3
1001854,3
1001855,6
1001856,4
1001857,6
1001858,5
1001859,5
1001861,3
1001862,5
1001864,5
1001865,5
1001866,5
1001867,8
1001868,4
1001869,6
1001870,8
1001871,8
1001874,3
1001876,8
1001878,6
1001879,3
1001881,10
1001882,8
1001883,4
1001885,5
1001886,3
1001887,7
1001888,2
1001889,10
1001890,8
1001891,3
1001896,1
1001897,5
1001898,4
1001899,5
1001900,5
1001901,5
1001902,3
1001903,7
1001904,5
1001905,5
1001907,7
1001908,7
1001909,5
1001910,5
1001911,11
1001912,5
1001914,5
1001915,3
1001916,3
1001918,3
1001919,0
1001921,6
1001922,4
1001923,4
1001924,6
1001925,6
1001926,5
1001928,6
1001929,4
1001930,4
1001931,2
1001932,2
1001933,4
1001934,6
1001935,2
1001936,5
1001937,5
1001938,6
1001939,5
1001940,7
1001941,7
1001942,6
1001943,3
1001944,7
1001945,5
1001946,6
1001947,3
1001948,5
1001949,9
1001950,4
1001951,4
1001953,8
1001954,6
1001955,9
1001956,8
1001957,4
1001958,7
1001959,7
1001960,3
1001961,8
1001967,9
1001968,5
1001969,1
1001970,3
1001971,1
1001973,6
1001975,5
1001976,4
1001977,3
1001978,8
1001980,9
1001981,5
1001982,5
1001983,4
1001984,7
1001985,7
1001986,9
1001987,6
1001988,4
1001989,4
1001990,2
1001991,5
1001992,4
1001993,2
1001994,4
1001995,4
1001996,5
1001997,2
1001998,4
1001999,5
1002000,5
1002001,6
1002002,2
1002003,5
1002004,3
1002006,6
1002007,7
1002008,2
1002009,5
1002010,7
1002011,2
1002012,3
1002013,5
1002014,7
1002015,5
1002016,5
1002017,7
1002018,3
1002020,3
1002021,6
1002022,5
1002024,3
1002027,4
1002028,4
1002029,8
1002030,4
1002031,7
1002033,4
1002034,4
1002036,7
1002037,3
1002038,2
1002039,7
1002040,8
1002041,3
1002042,6
1002044,2
1002045,2
1002046,2
1002047,5
1002048,7
1002049,8
1002050,7
1002051,3
1002052,3
1002053,8
1002055,9
1002056,6
1002057,8
1002058,4
1002059,8
1002060,4
1002061,5
1002062,7
1002063,3
1002064,5
1002065,7
1002066,8
1002067,4
1002069,6
1002070,8
1002071,4
1002072,8
1002073,4
1002074,7
1002075,5
1002076,3
1002077,5
1002079,7
1002080,5
1002081,6
1002082,3
1002083,5
1002085,7
1002086,1
1002088,5
1002089,4
1002090,6
1002091,0
1002093,4
1002094,5
1002097,4
1002098,4
1002101,7
1002102,6
1002103,9
1002105,6
1002106,3
1002107,2
1002108,6
1002109,4
1002110,7
1002111,2
1002112,4
1002113,4
1002114,5
1002116,2
1002117,6
1002119,5
1002121,7
1002122,4
1002123,5
1002124,4
1002125,2
1002126,6
1002127,5
1002128,5
1002129,6
1002130,7
1002131,0
1002132,4
1002134,5
1002135,5
1002136,5
1002137,4
1002138,4
1002139,5
1002140,7
1002141,2
1002142,4
1002144,2
1002146,5
1002147,5
1002148,8
1002149,7
1002151,4
1002152,1
1002153,7
1002155,7
1002156,0
1002157,6
1002158,3
1002159,8
1002160,5
1002161,4
1002162,4
1002163,4
1002164,4
1002166,4
1002167,6
1002168,1
1002169,4
1002170,2
1002171,6
1002172,5
1002173,7
1002174,3
1002175,4
1002176,6
1002177,8
1002179,5
1002180,8
1002181,2
1002182,4
1002183,8
1002184,2
1002185,5
1002186,8
1002187,7
1002189,8
1002190,7
1002191,6
1002193,2
1002194,2
1002195,3
1002197,6
1002199,9
1002200,0
1002201,5
1002202,5
1002203,4
1002204,4
1002205,3
1002206,4
1002207,9
1002208,6
1002209,6
1002210,5
1002211,6
1002212,4
1002213,5
1002215,8
1002216,6
1002217,8
1002218,2
1002219,9
1002220,4
1002221,7
1002222,3
1002223,6
1002224,4
1002225,6
1002228,4
1002229,7
1002230,4
1002231,2
1002232,5
1002234,4
1002235,3
1002236,5
1002237,7
1002238,1
1002239,6
1002240,4
1002241,4
1002242,8
1002243,6
1002244,5
1002247,6
1002248,2
1002249,5
1002250,4
1002251,3
1002254,5
1002255,3
1002256,5
1002257,5
1002258,8
1002259,6
1002260,8
1002261,5
1002262,6
1002263,3
1002264,5
1002265,7
1002266,4
1002267,2
1002268,5
1002269,6
1002270,6
1002271,8
1002273,3
1002275,1
1002278,8
1002279,6
1002280,8
1002281,6
1002282,6
1002283,7
1002284,7
1002285,5
1002286,2
1002287,3
1002290,2
1002291,4
1002292,6
1002294,4
1002295,5
1002296,1
1002297,9
1002298,3
1002301,4
1002302,1
1002303,5
1002304,6
1002306,5
1002308,6
1002309,3
1002310,7
1002311,5
1002312,6
1002314,5
1002316,2
1002318,4
1002320,8
1002321,8
1002322,4
1002323,6
1002325,1
1002326,6
1002327,6
1002328,3
1002330,5
1002331,1
1002332,6
1002333,0
1002335,4
1002336,5
1002337,4
1002339,4
1002340,2
1002341,5
1002342,7
1002343,2
1002344,6
1002347,9
1002348,4
1002350,7
1002352,8
1002353,8
1002354,4
1002355,3
1002356,5
1002357,3
1002358,6
1002360,6
1002361,4
1002362,2
1002363,10
1002364,3
1002366,9
1002367,5
1002368,2
1002369,10
1002370,5
1002371,3
1002372,3
1002373,6
1002374,14
1002375,2
1002376,8
1002377,3
1002379,3
1002380,4
1002382,4
1002383,3
1002384,8
1002385,6
1002386,6
1002387,3
1002389,4
1002390,5
1002391,6
1002392,2
1002393,6
1002394,6
1002395,4
1002396,7
1002397,4
1002398,4
1002399,6
1002401,3
1002402,5
1002404,3
1002405,9
1002408,4
1002409,4
1002411,6
1002412,5
1002414,3
1002415,4
1002416,3
1002417,2
1002419,3
1002420,4
1002421,3
1002422,6
1002423,2
1002424,8
1002425,8
1002426,6
1002427,4
1002428,4
1002429,6
1002430,7
1002431,4
1002432,4
1002434,5
1002435,6
1002436,1
1002438,4
1002439,3
1002440,7
1002443,6
1002444,7
1002445,6
1002446,6
1002447,5
1002449,5
1002450,5
1002452,2
1002453,10
1002454,7
1002455,4
1002456,4
1002459,8
1002460,4
1002461,5
1002462,4
1002463,7
1002464,4
1002465,5
1002466,3
1002467,6
1002468,4
1002469,6
1002470,1
1002471,8
1002473,6
1002474,6
1002475,3
1002476,2
1002479,2
1002480,5
1002481,6
1002482,3
1002483,6
1002484,8
1002485,3
1002486,5
1002488,4
1002490,8
1002491,4
1002492,2
1002493,3
1002494,4
1002495,7
1002496,5
1002497,2
1002498,4
1002501,4
1002502,3
1002503,7
1002504,6
1002505,6
1002506,8
1002507,9
1002508,2
1002509,2
1002510,5
1002511,5
1002512,1
1002513,7
1002514,3
1002515,2
1002517,8
1002519,6
1002520,2
1002521,6
1002522,2
1002523,11
1002524,4
1002525,3
1002526,4
1002527,5
1002528,9
1002529,6
1002530,7
1002531,3
1002532,3
1002533,3
1002534,7
1002537,3
1002538,6
1002539,5
1002540,3
1002541,6
1002542,4
1002543,7
1002544,5
1002545,4
1002546,1
1002547,2
1002548,6
1002551,5
1002552,12
1002553,4
1002554,2
1002555,4
1002556,5
1002557,5
1002558,3
1002559,5
1002560,7
1002561,8
1002562,2
1002563,5
1002564,6
1002565,6
1002566,4
1002567,2
1002568,3
1002569,4
1002570,5
1002571,6
1002572,4
1002574,5
1002575,3
1002578,4
1002579,5
1002580,4
1002581,5
1002582,7
1002584,4
1002586,5
1002587,6
1002588,4
1002589,3
1002590,4
1002591,8
1002592,3
1002593,5
1002594,8
1002596,5
1002597,1
1002598,6
1002600,2
1002601,5
1002602,6
1002605,5
1002606,5
1002607,4
1002608,5
1002609,1
1002611,6
1002612,8
1002613,7
1002614,4
1002615,6
1002616,7
1002617,3
1002618,7
1002621,7
1002622,3
1002624,5
1002625,3
1002626,9
1002627,6
1002628,6
1002629,5
1002631,5
1002632,4
1002633,6
1002635,4
1002636,2
1002637,6
1002638,5
1002639,7
1002640,3
1002641,6
1002644,2
1002645,1
1002646,7
1002648,1
1002649,3
1002650,5
1002652,6
1002653,5
1002654,4
1002655,5
1002656,6
1002657,5
1002658,3
1002659,4
1002660,4
1002661,6
1002662,8
1002664,4
1002665,3
1002666,5
1002667,5
1002668,5
1002669,4
1002670,5
1002671,5
1002673,4
1002675,2
1002676,2
1002677,5
1002678,6
1002679,3
1002680,6
1002682,6
1002683,5
1002685,6
1002687,4
1002688,7
1002690,7
1002691,5
1002692,3
1002693,5
1002694,3
1002695,6
1002696,7
1002697,5
1002698,4
1002700,5
1002701,3
1002702,3
1002703,5
1002704,4
1002705,4
1002707,4
1002709,6
1002710,7
1002711,7
1002712,5
1002713,4
1002714,7
1002715,7
1002716,7
1002717,3
1002718,4
1002719,7
1002720,5
1002721,3
1002722,8
1002723,1
1002724,1
1002725,4
1002726,6
1002727,2
1002728,6
1002729,3
1002730,8
1002731,1
1002732,7
1002733,2
1002734,8
1002735,3
1002736,2
1002737,3
1002738,7
1002739,2
1002740,5
1002741,4
1002742,5
1002743,5
1002744,7
1002745,8
1002746,7
1002748,3
1002749,6
1002750,6
1002751,5
1002753,7
1002755,7
1002756,8
1002757,1
1002758,5
1002760,7
1002761,6
1002762,3
1002763,6
1002764,5
1002765,7
1002766,6
1002767,7
1002769,8
1002770,6
1002771,4
1002773,6
1002774,9
1002775,4
1002777,1
1002778,7
1002779,5
1002780,9
1002781,2
1002782,6
1002783,6
1002784,6
1002786,5
1002787,5
1002788,8
1002790,5
1002791,4
1002792,10
1002793,10
1002794,2
1002795,8
1002796,2
1002797,2
1002798,10
1002801,3
1002802,10
1002803,4
1002805,6
1002806,6
1002807,6
1002808,9
1002809,5
1002811,5
1002812,4
1002813,4
1002814,4
1002815,6
1002816,3
1002817,3
1002818,9
1002819,5
1002820,5
1002823,5
1002824,3
1002825,5
1002826,9
1002828,4
1002830,7
1002831,4
1002832,3
1002833,3
1002834,8
1002836,3
1002837,6
1002838,7
1002839,1
1002840,13
1002842,10
1002843,7
1002844,8
1002845,8
1002846,7
1002847,6
1002848,5
1002849,6
1002850,4
1002851,3
1002853,4
1002854,5
1002855,7
1002857,1
1002859,7
1002861,5
1002862,6
1002863,3
1002864,10
1002865,7
1002866,4
1002867,4
1002868,9
1002869,4
1002870,3
1002871,6
1002872,3
1002873,2
1002874,5
1002875,2
1002876,3
1002877,5
1002878,4
1002879,5
1002880,6
1002881,5
1002883,2
1002884,6
1002885,5
1002886,4
1002887,12
1002889,3
1002890,5
1002892,8
1002893,8
1002894,6
1002896,5
1002897,5
1002898,8
1002899,4
1002900,7
1002902,3
1002903,6
1002904,5
1002905,8
1002906,9
1002907,6
1002908,3
1002909,3
1002910,4
1002911,5
1002912,4
1002913,3
1002914,2
1002915,9
1002916,5
1002919,4
1002920,6
1002921,1
1002922,9
1002923,9
1002924,8
1002925,6
1002927,3
1002929,8
1002930,4
1002931,3
1002932,2
1002933,8
1002934,5
1002935,7
1002936,4
1002937,4
1002939,3
1002940,5
1002941,5
1002945,5
1002946,1
1002947,4
1002948,5
1002949,2
1002950,16
1002951,8
1002953,12
1002954,7
1002955,4
1002957,5
1002958,3
1002959,5
1002960,3
1002962,3
1002963,6
1002964,9
1002965,2
1002966,4
1002968,4
1002969,5
1002970,5
1002971,2
1002972,14
1002973,2
1002974,6
1002975,5
1002976,4
1002977,5
1002979,4
1002980,5
1002981,4
1002982,2
1002983,6
1002984,4
1002985,3
1002986,5
1002988,7
1002989,3
1002990,8
1002991,2
1002992,6
1002993,10
1002994,4
1002995,2
1002996,3
1002997,6
1002998,4
1002999,8
1003000,4
1003001,8
1003002,6
1003004,3
1003005,3
1003006,1
1003007,2
1003008,7
1003010,4
1003011,3
1003014,1
1003015,8
1003016,5
1003017,5
1003018,4
1003020,6
1003021,6
1003022,8
1003023,2
1003024,5
1003026,11
1003027,9
1003028,5
1003029,4
1003030,5
1003031,3
1003032,9
1003033,4
1003036,7
1003037,6
1003038,5
1003040,3
1003041,4
1003042,2
1003043,4
1003045,7
1003046,2
1003047,7
1003048,4
1003049,7
1003050,5
1003051,7
1003052,5
1003053,8
1003055,3
1003056,5
1003057,4
1003058,1
1003059,4
1003060,2
1003061,4
1003062,5
1003063,8
1003065,4
1003066,10
1003067,7
1003068,5
1003069,7
1003070,6
1003072,5
1003073,4
1003074,5
1003075,9
1003076,4
1003077,0
1003078,7
1003079,3
1003080,3
1003082,2
1003083,8
1003084,7
1003085,7
1003087,4
1003088,5
1003089,5
1003090,6
1003091,3
1003092,5
1003093,6
1003094,5
1003095,5
1003098,5
1003099,6
1003100,2
1003101,5
1003102,2
1003103,6
1003105,2
1003106,4
1003108,2
1003109,6
1003110,2
1003111,6
1003112,6
1003113,8
1003115,8
1003116,5
1003117,7
1003118,6
1003119,7
1003120,8
1003121,4
1003123,2
1003124,7
1003125,7
1003126,4
1003127,6
1003129,5
1003131,6
1003132,9
1003133,5
1003135,7
1003136,4
1003137,5
1003138,5
1003139,7
1003140,8
1003141,6
1003142,3
1003143,5
1003144,1
1003145,7
1003146,6
1003147,7
1003148,7
1003149,8
1003150,8
1003151,9
1003152,7
1003153,4
1003154,2
1003156,4
1003157,10
1003158,4
1003159,7
1003161,4
1003163,2
1003164,8
1003165,6
1003166,6
1003167,8
1003170,4
1003171,5
1003172,2
1003173,1
1003174,3
1003175,6
1003176,5
1003178,1
1003179,6
1003180,7
1003181,7
1003182,9
1003183,6
1003184,7
1003185,6
1003186,5
1003187,8
1003188,10
1003189,9
1003190,5
1003191,3
1003192,8
1003193,5
1003195,3
1003197,2
1003198,4
1003200,6
1003202,8
1003203,5
1003204,5
1003206,3
1003207,2
1003208,5
1003209,12
1003210,5
1003211,5
1003213,2
1003215,3
1003216,4
1003217,5
1003218,4
1003219,9
1003220,7
1003221,1
1003222,5
1003223,5
1003224,4
1003225,6
1003226,5
1003227,3
1003229,3
1003230,2
1003231,5
1003232,7
1003233,5
1003234,5
1003235,2
1003237,7
1003238,8
1003239,5
1003240,4
1003241,6
1003242,3
1003243,11
1003244,10
1003245,5
1003247,1
1003248,4
1003250,3
1003252,7
1003253,3
1003254,7
1003255,2
1003256,7
1003257,5
1003258,7
1003259,5
1003260,8
1003261,7
1003262,9
1003263,2
1003264,5
1003265,4
1003266,3
1003267,2
1003268,8
1003269,5
1003270,10
1003271,6
1003272,5
1003273,8
1003274,4
1003275,4
1003276,5
1003277,4
1003278,4
1003279,5
1003280,4
1003281,3
1003282,4
1003283,4
1003284,5
1003285,7
1003287,6
1003288,7
1003290,8
1003292,7
1003293,5
1003294,8
1003295,2
1003296,10
1003297,4
1003298,7
1003299,3
1003300,5
1003301,7
1003302,4
1003303,4
1003304,6
1003305,4
1003306,8
1003309,4
1003310,5
1003311,12
1003312,7
1003313,5
1003314,8
1003315,3
1003316,2
1003317,6
1003318,3
1003320,4
1003322,5
1003323,5
1003324,5
1003325,6
1003326,6
1003327,1
1003328,5
1003330,6
1003331,4
1003332,3
1003334,3
1003336,8
1003337,5
1003338,6
1003339,5
1003340,6
1003343,2
1003344,5
1003345,6
1003346,3
1003348,6
1003349,4
1003350,5
1003351,7
1003352,7
1003354,4
1003355,4
1003356,4
1003357,5
1003359,3
1003360,1
1003361,1
1003362,6
1003363,8
1003364,5
1003365,2
1003366,4
1003367,1
1003368,6
1003369,6
1003370,8
1003371,4
1003372,3
1003374,6
1003375,4
1003376,4
1003377,7
1003378,9
1003379,9
1003380,5
1003381,7
1003385,4
1003386,3
1003387,7
1003388,8
1003389,0
1003390,2
1003391,10
1003392,7
1003393,11
1003394,4
1003395,4
1003396,8
1003397,4
1003398,5
1003399,8
1003400,3
1003401,8
1003402,4
1003403,5
1003405,2
1003407,9
1003408,8
1003409,2
1003411,7
1003415,6
1003416,3
1003417,6
1003418,11
1003419,3
1003420,5
1003421,6
1003422,3
1003424,5
1003425,5
1003426,3
1003427,4
1003428,4
1003430,5
1003431,13
1003432,4
1003433,10
1003434,6
1003435,5
1003436,5
1003437,4
1003438,6
1003439,4
1003440,6
1003441,6
1003442,2
1003445,5
1003446,3
1003447,6
1003448,3
1003449,5
1003450,6
1003452,2
1003453,7
1003454,1
1003455,6
1003456,6
1003457,2
1003458,5
1003459,3
1003461,5
1003462,5
1003463,3
1003464,3
1003465,9
1003466,6
1003467,8
1003468,5
1003469,7
1003470,5
1003471,2
1003472,8
1003473,7
1003474,5
1003475,4
1003476,4
1003477,4
1003479,4
1003480,4
1003481,6
1003482,7
1003483,4
1003484,2
1003485,8
1003486,8
1003487,7
1003488,5
1003489,3
1003490,3
1003491,7
1003493,8
1003494,4
1003495,6
1003496,4
1003497,5
1003498,3
1003499,5
1003500,7
1003501,4
1003502,6
1003503,2
1003504,4
1003506,4
1003507,5
1003508,4
1003509,6
1003510,4
1003511,2
1003512,5
1003513,8
1003514,8
1003515,7
1003517,3
1003518,3
1003520,11
1003522,4
1003523,3
1003524,6
1003525,3
1003526,4
1003527,7
1003528,3
1003529,2
1003530,4
1003531,4
1003532,8
1003534,6
1003535,5
1003536,3
1003538,7
1003539,5
1003540,4
1003542,5
1003543,3
1003545,2
1003546,5
1003547,6
1003548,5
1003549,4
1003550,3
1003551,9
1003552,4
1003553,3
1003554,7
1003555,5
1003556,6
1003557,9
1003558,2
1003559,6
1003560,1
1003561,5
1003562,5
1003563,9
1003564,4
1003565,6
1003566,3
1003567,7
1003569,7
1003570,5
1003571,6
1003573,6
1003574,3
1003575,7
1003576,4
1003577,5
1003578,4
1003579,12
1003580,6
1003581,5
1003582,4
1003583,4
1003585,3
1003587,3
1003588,5
1003589,6
1003590,5
1003591,6
1003592,4
1003595,7
1003596,4
1003597,6
1003598,4
1003599,3
1003600,3
1003601,9
1003602,2
1003603,6
1003604,6
1003607,5
1003608,2
1003609,4
1003610,5
1003611,0
1003612,2
1003613,5
1003614,3
1003615,2
1003616,4
1003618,7
1003620,8
1003621,4
1003622,3
1003623,5
1003624,4
1003625,6
1003626,6
1003627,5
1003628,4
1003629,3
1003630,6
1003631,6
1003632,2
1003633,9
1003634,1
1003636,6
1003637,5
1003638,5
1003639,3
1003640,4
1003641,3
1003643,2
1003644,7
1003645,1
1003646,4
1003648,1
1003649,2
1003650,3
1003651,4
1003653,5
1003654,5
1003655,2
1003657,4
1003658,2
1003659,3
1003660,3
1003662,5
1003663,3
1003664,8
1003665,5
1003666,9
1003667,6
1003668,4
1003669,4
1003671,8
1003672,5
1003673,1
1003674,6
1003675,3
1003676,2
1003677,2
1003678,5
1003679,3
1003680,3
1003681,7
1003682,5
1003683,11
1003684,6
1003685,9
1003686,4
1003687,4
1003688,4
1003689,7
1003690,6
1003691,7
1003692,7
1003693,7
1003696,16
1003697,4
1003699,2
1003700,6
1003701,6
1003702,3
1003703,4
1003704,3
1003705,5
1003708,8
1003709,7
1003710,5
1003713,4
1003714,4
1003715,3
1003717,2
1003720,8
1003721,3
1003723,9
1003724,5
1003725,3
1003726,6
1003727,7
1003729,6
1003730,4
1003731,5
1003733,3
1003734,5
1003735,4
1003736,3
1003737,2
1003738,5
1003739,8
1003740,5
1003741,5
1003742,4
1003744,5
1003745,6
1003747,1
1003748,3
1003749,3
1003750,7
1003751,11
1003753,6
1003755,5
1003757,4
1003758,4
1003759,6
1003760,3
1003761,3
1003762,4
1003763,4
1003764,6
1003766,4
1003767,4
1003768,8
1003769,4
1003770,4
1003771,5
1003773,9
1003775,5
1003776,3
1003777,3
1003778,3
1003779,5
1003780,3
1003782,4
1003783,1
1003784,3
1003786,5
1003787,10
1003789,6
1003790,3
1003791,6
1003792,6
1003794,5
1003795,6
1003796,3
1003797,5
1003798,7
1003799,7
1003800,3
1003801,5
1003802,2
1003803,5
1003804,0
1003805,5
1003806,10
1003807,5
1003808,4
1003809,4
1003810,6
1003811,9
1003812,10
1003813,8
1003814,3
1003815,4
1003818,11
1003819,6
1003820,6
1003821,2
1003822,6
1003823,3
1003824,5
1003825,7
1003826,6
1003827,6
1003828,3
1003829,4
1003830,4
1003831,7
1003832,5
1003833,8
1003835,7
1003836,2
1003837,2
1003838,4
1003840,1
1003841,5
1003842,5
1003843,4
1003844,6
1003845,5
1003846,2
1003848,11
1003849,6
1003851,4
1003852,4
1003854,3
1003855,8
1003856,3
1003857,5
1003858,5
1003859,4
1003861,7
1003864,7
1003865,5
1003866,4
1003867,3
1003868,6
1003869,5
1003871,5
1003874,4
1003875,6
1003876,5
1003877,2
1003878,8
1003879,3
1003880,9
1003883,4
1003884,5
1003885,5
1003886,6
1003889,6
1003890,6
1003891,3
1003892,4
1003893,4
1003894,4
1003895,6
1003896,2
1003899,2
1003900,6
1003901,7
1003903,7
1003904,6
1003905,4
1003906,10
1003907,3
1003908,4
1003909,8
1003910,2
1003912,6
1003913,5
1003914,3
1003915,6
1003916,7
1003917,4
1003918,3
1003919,1
1003920,8
1003921,4
1003922,0
1003924,4
1003925,4
1003926,4
1003928,10
1003929,6
1003931,2
1003932,4
1003933,3
1003934,7
1003935,5
1003936,3
1003937,1
1003938,5
1003939,9
1003940,8
1003941,11
1003942,4
1003943,7
1003944,8
1003946,2
1003947,12
1003948,6
1003949,6
1003951,5
1003952,5
1003953,4
1003954,7
1003955,5
1003956,2
1003957,8
1003958,7
1003959,4
1003960,2
1003961,9
1003962,8
1003963,6
1003964,7
1003965,7
1003966,6
1003967,4
1003968,5
1003970,3
1003971,8
1003972,7
1003973,5
1003974,5
1003975,7
1003976,7
1003977,7
1003978,1
1003980,10
1003981,2
1003982,2
1003984,3
1003986,6
1003987,3
1003988,7
1003989,7
1003990,5
1003991,3
1003992,3
1003993,5
1003994,6
1003995,3
1003996,6
1003997,6
1003998,1
1003999,5
1004000,7
1004001,7
1004004,5
1004005,6
1004006,5
1004008,7
1004009,4
1004010,2
1004011,7
1004012,3
1004013,4
1004014,5
1004015,3
1004016,5
1004017,4
1004018,5
1004019,5
1004020,4
1004022,8
1004024,3
1004025,6
1004026,7
1004027,6
1004028,6
1004030,10
1004031,6
1004032,4
1004033,6
1004034,0
1004035,6
1004037,6
1004038,6
1004040,6
1004041,6
1004042,4
1004043,8
1004045,5
1004046,3
1004047,8
1004048,7
1004049,2
1004050,6
1004051,5
1004053,7
1004055,3
1004056,4
1004057,6
1004058,6
1004059,8
1004060,5
1004061,7
1004062,5
1004063,5
1004064,3
1004065,2
1004066,6
1004067,2
1004068,3
1004069,4
1004070,3
1004071,7
1004074,4
1004076,5
1004079,2
1004080,2
1004083,6
1004084,6
1004085,8
1004086,5
1004088,7
1004089,6
1004090,0
1004091,6
1004092,3
1004093,5
1004094,8
1004095,4
1004097,7
1004098,6
1004100,9
1004101,2
1004103,4
1004105,7
1004106,9
1004107,5
1004108,7
1004109,5
1004110,4
1004111,8
1004112,5
1004113,6
1004114,4
1004115,4
1004116,4
1004117,4
1004118,4
1004120,2
1004121,6
1004124,8
1004125,3
1004126,7
1004127,7
1004129,6
1004131,7
1004132,5
1004133,6
1004134,5
1004135,3
1004136,1
1004137,4
1004138,5
1004139,15
1004141,3
1004142,3
1004143,6
1004144,3
1004145,2
1004147,5
1004148,8
1004149,5
1004150,4
1004151,4
1004152,7
1004153,1
1004154,3
1004155,7
1004156,3
1004157,3
1004158,8
1004159,3
1004160,2
1004163,7
1004164,3
1004165,8
1004166,2
1004167,4
1004168,2
1004169,3
1004170,5
1004171,5
1004172,3
1004173,2
1004174,4
1004175,2
1004176,3
1004177,7
1004178,0
1004179,3
1004180,6
1004181,3
1004182,10
1004183,2
1004184,6
1004185,6
1004186,2
1004187,1
1004188,5
1004189,3
1004190,2
1004191,7
1004192,4
1004193,5
1004194,7
1004195,3
1004197,5
1004198,3
1004199,5
1004200,12
1004201,6
1004203,8
1004204,5
1004205,5
1004206,6
1004207,4
1004208,5
1004209,7
1004210,6
1004212,8
1004213,8
1004214,4
1004215,5
1004216,1
1004218,4
1004219,1
1004220,4
1004222,2
1004223,1
1004224,8
1004225,9
1004226,4
1004227,8
1004228,3
1004229,5
1004230,7
1004231,4
1004232,11
1004233,8
1004234,3
1004235,7
1004237,4
1004238,5
1004239,5
1004240,1
1004242,8
1004243,5
1004244,6
1004245,5
1004246,5
1004247,7
1004248,3
1004250,7
1004251,6
1004252,1
1004253,4
1004254,6
1004255,7
1004256,5
1004257,4
1004258,5
1004260,10
1004262,6
1004263,3
1004264,7
1004265,7
1004266,3
1004267,4
1004268,5
1004269,5
1004270,10
1004271,10
1004272,4
1004273,4
1004274,8
1004276,2
1004277,3
1004278,5
1004279,7
1004280,9
1004282,5
1004283,6
1004284,1
1004285,1
1004286,5
1004287,4
1004288,5
1004289,3
1004290,3
1004292,2
1004293,11
1004297,3
1004298,4
1004299,3
1004300,4
1004301,6
1004303,4
1004304,5
1004306,9
1004307,3
1004308,5
1004309,6
1004312,11
1004313,7
1004314,10
1004316,5
1004317,8
1004318,5
1004320,4
1004321,4
1004322,5
1004323,5
1004324,7
1004325,8
1004326,4
1004327,7
1004329,7
1004330,3
1004331,9
1004332,4
1004333,4
1004336,7
1004337,1
1004338,2
1004339,6
1004342,7
1004343,4
1004345,3
1004346,5
1004347,6
1004348,5
1004350,7
1004351,9
1004353,7
1004356,5
1004357,6
1004358,9
1004359,8
1004361,4
1004362,7
1004363,10
1004364,3
1004365,5
1004366,2
1004368,4
1004369,9
1004370,3
1004371,5
1004372,5
1004373,5
1004374,6
1004375,4
1004376,0
1004377,3
1004378,6
1004379,4
1004381,8
1004382,8
1004383,7
1004385,6
1004386,6
1004387,1
1004388,4
1004389,5
1004390,6
1004391,5
1004392,4
1004393,4
1004394,3
1004395,10
1004397,7
1004399,3
1004400,5
1004401,8
1004402,5
1004403,2
1004405,4
1004407,7
1004408,5
1004409,7
1004411,6
1004413,10
1004414,4
1004416,5
1004417,8
1004418,8
1004419,1
1004421,6
1004422,4
1004423,6
1004424,4
1004425,6
1004426,3
1004427,3
1004428,4
1004430,2
1004431,5
1004432,0
1004433,3
1004434,2
1004435,2
1004436,4
1004437,6
1004438,3
1004439,4
1004441,2
1004442,9
1004443,4
1004444,3
1004446,5
1004449,7
1004451,1
1004452,4
1004453,7
1004455,3
1004456,4
1004457,5
1004458,4
1004459,3
1004460,1
1004461,5
1004462,3
1004463,3
1004464,3
1004465,8
1004466,1
1004468,2
1004469,6
1004470,2
1004471,5
1004472,7
1004474,2
1004475,5
1004476,5
1004477,8
1004478,4
1004479,5
1004480,6
1004482,3
1004483,5
1004484,8
1004485,4
1004486,4
1004487,6
1004488,4
1004489,3
1004492,1
1004493,5
1004494,7
1004495,6
1004496,6
1004497,8
1004498,3
1004500,6
1004501,11
1004502,5
1004503,4
1004504,3
1004505,3
1004508,3
1004509,5
1004510,4
1004511,4
1004512,7
1004513,3
1004514,4
1004515,1
1004516,1
1004517,5
1004518,3
1004519,4
1004521,3
1004522,6
1004523,5
1004524,6
1004525,7
1004526,9
1004527,5
1004528,7
1004529,4
1004530,9
1004531,8
1004532,4
1004534,5
1004535,8
1004536,7
1004537,9
1004538,1
1004539,10
1004541,5
1004542,11
1004543,5
1004544,3
1004545,5
1004546,7
1004547,4
1004548,3
1004549,4
1004550,6
1004551,6
1004552,5
1004553,7
1004555,5
1004556,6
1004557,4
1004559,5
1004560,5
1004561,5
1004562,2
1004563,7
1004565,5
1004566,2
1004567,5
1004568,8
1004570,6
1004572,3
1004573,9
1004574,4
1004575,2
1004576,3
1004578,4
1004579,3
1004580,11
1004581,7
1004582,2
1004583,6
1004584,4
1004585,8
1004586,6
1004587,6
1004589,2
1004590,6
1004592,2
1004593,8
1004595,7
1004596,6
1004597,3
1004598,7
1004599,8
1004600,2
1004602,10
1004603,3
1004604,6
1004605,4
1004606,2
1004607,5
1004608,8
1004609,5
1004610,2
1004612,8
1004613,5
1004614,5
1004615,5
1004616,6
1004617,2
1004618,5
1004619,7
1004620,7
1004621,4
1004622,6
1004623,5
1004624,10
1004625,9
1004626,3
1004627,2
1004628,6
1004629,3
1004630,8
1004631,6
1004633,6
1004634,4
1004635,3
1004637,5
1004638,4
1004639,6
1004640,2
1004642,6
1004643,6
1004644,4
1004645,4
1004647,3
1004648,4
1004650,7
1004653,6
1004654,10
1004655,4
1004656,8
1004657,6
1004658,6
1004659,1
1004660,3
1004661,4
1004663,4
1004664,5
1004665,5
1004666,4
1004667,3
1004668,1
1004669,5
1004670,3
1004671,11
1004672,3
1004673,2
1004674,4
1004675,1
1004676,5
1004677,5
1004678,3
1004679,9
1004680,2
1004681,5
1004683,2
1004684,4
1004685,9
1004688,4
1004689,5
1004690,7
1004692,6
1004694,2
1004695,8
1004696,4
1004697,5
1004698,4
1004700,7
1004701,5
1004702,4
1004703,9
1004704,5
1004705,7
1004706,7
1004707,7
1004708,6
1004709,4
1004711,4
1004712,5
1004713,3
1004714,6
1004716,6
1004717,7
1004718,8
1004719,7
1004720,3
1004721,10
1004722,2
1004723,7
1004724,0
1004725,3
1004727,7
1004728,5
1004730,7
1004732,7
1004734,4
1004735,1
1004736,8
1004737,7
1004738,5
1004739,2
1004740,5
1004741,4
1004742,4
1004744,6
1004745,4
1004746,2
1004747,2
1004748,6
1004749,9
1004750,4
1004751,2
1004752,2
1004753,4
1004754,8
1004755,2
1004756,5
1004757,7
1004758,7
1004759,4
1004760,3
1004763,6
1004764,1
1004765,7
1004768,6
1004769,7
1004771,3
1004772,9
1004773,2
1004774,5
1004775,5
1004777,9
1004778,4
1004779,5
1004780,4
1004781,3
1004782,3
1004783,2
1004784,2
1004785,10
1004786,7
1004789,8
1004790,7
1004793,2
1004795,10
1004797,7
1004798,5
1004799,2
1004800,7
1004801,5
1004802,6
1004803,6
1004804,5
1004805,14
1004806,6
1004807,5
1004808,3
1004809,3
1004810,5
1004811,4
1004812,5
1004814,5
1004815,2
1004816,5
1004817,4
1004820,3
1004821,5
1004822,4
1004823,2
1004824,9
1004825,7
1004826,2
1004827,6
1004828,3
1004829,7
1004830,3
1004831,4
1004832,4
1004834,6
1004835,4
1004836,4
1004837,9
1004838,7
1004839,5
1004840,3
1004842,3
1004843,6
1004844,4
1004846,6
1004847,5
1004848,5
1004849,10
1004850,5
1004851,6
1004854,6
1004855,3
1004857,5
1004859,3
1004860,5
1004861,3
1004862,8
1004864,5
1004865,2
1004866,5
1004868,7
1004870,3
1004871,5
1004872,4
1004873,6
1004874,5
1004875,3
1004876,8
1004877,5
1004878,5
1004879,4
1004881,3
1004882,8
1004883,4
1004884,4
1004885,8
1004886,6
1004887,9
1004888,8
1004889,7
1004890,9
1004891,10
1004892,5
1004893,2
1004894,6
1004895,3
1004897,4
1004898,1
1004899,5
1004900,4
1004901,3
1004902,5
1004903,2
1004904,5
1004905,7
1004907,8
1004909,4
1004910,6
1004911,5
1004912,4
1004913,5
1004914,8
1004915,9
1004916,7
1004917,9
1004918,3
1004919,3
1004920,3
1004921,6
1004922,5
1004923,4
1004925,7
1004927,4
1004928,4
1004929,6
1004930,6
1004931,3
1004932,2
1004933,4
1004934,5
1004935,7
1004936,6
1004937,6
1004938,4
1004939,1
1004940,2
1004941,5
1004942,5
1004943,4
1004944,7
1004945,5
1004946,5
1004947,5
1004948,5
1004949,3
1004951,1
1004952,5
1004953,2
1004954,3
1004955,6
1004956,4
1004957,3
1004961,1
1004962,1
1004963,4
1004964,3
1004965,5
1004966,2
1004967,6
1004968,3
1004969,8
1004970,3
1004971,6
1004972,4
1004973,3
1004974,6
1004977,2
1004978,4
1004979,6
1004981,6
1004982,3
1004984,6
1004985,2
1004986,6
1004987,7
1004988,5
1004989,4
1004990,13
1004991,2
1004992,4
1004993,5
1004994,8
1004995,4
1004996,5
1004998,7
1004999,6
1005000,5
1005001,2
1005002,4
1005003,6
1005004,4
1005005,4
1005006,4
1005007,5
1005008,4
1005009,3
1005010,6
1005011,5
1005012,7
1005014,4
1005015,3
1005016,2
1005017,5
1005018,8
1005019,1
1005020,5
1005021,8
1005022,1
1005024,2
1005025,5
1005027,4
1005028,4
1005030,8
1005031,4
1005032,5
1005033,2
1005034,3
1005035,3
1005036,6
1005037,3
1005038,8
1005039,9
1005040,1
1005041,6
1005042,8
1005043,6
1005044,4
1005045,4
1005046,4
1005047,4
1005049,8
1005050,6
1005051,6
1005052,6
1005053,6
1005054,4
1005055,6
1005056,7
1005057,5
1005059,6
1005060,8
1005062,3
1005063,7
1005064,2
1005065,6
1005066,5
1005067,8
1005068,8
1005069,8
1005070,3
1005071,6
1005072,6
1005074,8
1005075,6
1005076,2
1005078,2
1005079,3
1005080,2
1005081,5
1005082,4
1005083,4
1005084,5
1005085,3
1005086,7
1005087,2
1005088,10
1005089,7
1005090,3
1005092,5
1005093,4
1005094,8
1005095,5
1005096,2
1005097,7
1005098,2
1005099,4
1005100,6
1005101,2
1005102,6
1005103,3
1005105,3
1005106,8
1005107,2
1005108,5
1005110,4
1005111,6
1005113,4
1005114,6
1005115,3
1005116,7
1005117,3
1005118,5
1005119,6
1005120,2
1005122,9
1005123,7
1005125,4
1005126,1
1005127,4
1005128,4
1005129,5
1005130,8
1005131,9
1005132,4
1005133,8
1005134,3
1005135,4
1005136,6
1005137,6
1005138,9
1005139,3
1005140,4
1005141,2
1005142,3
1005145,5
1005146,7
1005147,5
1005148,5
1005149,6
1005150,4
1005151,3
1005152,4
1005153,6
1005154,6
1005155,6
1005157,5
1005158,6
1005159,10
1005160,6
1005162,2
1005163,7
1005164,4
1005165,6
1005166,4
1005168,6
1005169,2
1005171,4
1005172,8
1005173,3
1005174,2
1005175,6
1005176,5
1005177,8
1005178,5
1005179,3
1005180,5
1005182,4
1005183,3
1005184,3
1005185,6
1005186,3
1005188,5
1005189,3
1005190,3
1005191,6
1005192,4
1005193,7
1005194,4
1005195,7
1005196,4
1005197,1
1005198,8
1005199,5
1005200,6
1005201,4
1005203,3
1005204,5
1005205,3
1005208,9
1005209,7
1005210,4
1005211,3
1005212,3
1005213,7
1005214,14
1005215,7
1005216,6
1005217,2
1005219,4
1005220,8
1005221,4
1005222,4
1005223,2
1005224,3
1005225,3
1005226,7
1005227,3
1005228,6
1005230,5
1005231,8
1005232,9
1005233,4
1005234,6
1005235,5
1005236,7
1005237,4
1005238,0
1005239,9
1005240,8
1005243,6
1005244,4
1005245,3
1005246,9
1005247,4
1005248,3
1005249,4
1005250,4
1005251,5
1005254,4
1005255,3
1005257,3
1005258,5
1005259,9
1005260,5
1005261,6
1005263,4
1005264,7
1005265,6
1005266,3
1005267,7
1005269,7
1005270,4
1005272,4
1005274,8
1005276,8
1005277,5
1005278,5
1005279,8
1005280,7
1005281,4
1005282,2
1005283,3
1005284,3
1005285,5
1005287,4
1005288,2
1005289,3
1005290,6
1005291,7
1005292,3
1005293,2
1005294,5
1005295,3
1005296,9
1005297,5
1005298,7
1005299,6
1005300,4
1005301,5
1005302,4
1005304,4
1005306,14
1005308,6
1005309,6
1005310,4
1005312,10
1005313,6
1005314,6
1005315,3
1005316,1
1005317,3
1005318,5
1005320,6
1005321,7
1005323,5
1005324,5
1005325,5
1005326,3
1005327,9
1005328,4
1005329,2
1005331,3
1005332,6
1005333,7
1005334,1
1005335,8
1005336,4
1005337,6
1005338,7
1005339,4
1005340,4
1005341,6
1005342,3
1005343,8
1005344,2
1005345,3
1005347,6
1005348,4
1005349,5
1005350,0
1005351,5
1005352,3
1005353,6
1005354,7
1005355,8
1005357,2
1005358,1
1005360,5
1005361,7
1005362,2
1005363,9
1005365,6
1005366,2
1005367,6
1005368,1
1005369,7
1005370,8
1005371,7
1005372,5
1005373,5
1005374,7
1005375,11
1005376,3
1005377,7
1005378,3
1005379,6
1005380,6
1005381,6
1005382,4
1005383,3
1005385,7
1005388,6
1005389,6
1005390,5
1005391,7
1005392,2
1005393,1
1005394,4
1005395,4
1005396,4
1005397,4
1005398,5
1005400,3
1005401,2
1005402,5
1005403,7
1005405,4
1005406,6
1005407,6
1005408,5
1005409,5
1005411,6
1005413,6
1005414,5
1005415,4
1005416,4
1005417,5
1005418,4
1005419,13
1005420,8
1005421,4
1005422,7
1005423,6
1005424,2
1005425,7
1005426,5
1005428,5
1005429,2
1005431,7
1005432,4
1005433,6
1005434,6
1005436,9
1005437,9
1005438,3
1005440,6
1005441,6
1005442,3
1005443,8
1005445,9
1005446,3
1005449,7
1005450,4
1005451,5
1005452,5
1005453,4
1005455,8
1005456,5
1005457,6
1005458,6
1005459,7
1005461,2
1005462,4
1005464,6
1005465,5
1005466,6
1005467,6
1005468,8
1005469,7
1005470,4
1005472,3
1005473,5
1005474,3
1005475,1
1005476,5
1005477,5
1005478,4
1005479,6
1005480,3
1005481,7
1005482,3
1005483,6
1005484,5
1005485,4
1005487,9
1005488,4
1005489,6
1005490,6
1005492,2
1005493,8
1005494,7
1005496,2
1005497,3
1005498,4
1005499,4
1005501,7
1005502,6
1005503,6
1005504,7
1005505,2
1005506,6
1005507,4
1005508,4
1005509,2
1005510,12
1005511,5
1005512,2
1005513,5
1005514,1
1005516,3
1005519,3
1005520,4
1005521,5
1005522,4
1005524,5
1005525,7
1005526,7
1005527,4
1005528,6
1005529,5
1005531,3
1005532,3
1005533,6
1005534,4
1005535,4
1005536,4
1005537,4
1005538,2
1005539,8
1005540,6
1005541,8
1005543,4
1005544,6
1005545,5
1005546,6
1005547,9
1005548,4
1005549,7
1005550,5
1005551,8
1005552,6
1005553,7
1005554,5
1005555,5
1005557,1
1005558,8
1005559,4
1005560,3
1005561,10
1005562,5
1005563,5
1005564,6
1005565,4
1005566,5
1005567,5
1005568,4
1005569,7
1005570,2
1005571,3
1005572,5
1005573,5
1005574,4
1005575,1
1005576,7
1005577,2
1005578,2
1005579,8
1005580,4
1005581,6
1005582,4
1005584,8
1005585,2
1005586,2
1005587,2
1005588,1
1005589,4
1005590,4
1005592,3
1005593,2
1005595,3
1005596,4
1005597,2
1005599,6
1005601,5
1005602,8
1005603,3
1005604,1
1005605,7
1005606,2
1005607,2
1005608,2
1005609,6
1005612,8
1005613,4
1005614,7
1005615,7
1005616,6
1005617,2
1005618,4
1005619,5
1005620,5
1005621,7
1005622,4
1005623,6
1005625,3
1005626,7
1005627,3
1005628,5
1005629,9
1005630,8
1005631,4
1005632,4
1005633,5
1005634,4
1005636,1
1005637,6
1005638,7
1005639,3
1005641,13
1005642,4
1005643,4
1005644,3
1005645,3
1005646,4
1005647,7
1005648,2
1005650,6
1005651,7
1005652,1
1005653,7
1005654,7
1005656,7
1005657,5
1005658,5
1005659,6
1005661,8
1005662,4
1005663,3
1005664,5
1005665,8
1005666,1
1005667,6
1005669,5
1005670,4
1005672,3
1005674,3
1005676,4
1005677,2
1005678,3
1005679,8
1005680,7
1005681,11
1005682,2
1005683,4
1005686,3
1005687,5
1005688,4
1005689,1
1005691,8
1005692,8
1005693,6
1005695,4
1005696,4
1005698,4
1005699,3
1005700,4
1005701,5
1005702,5
1005703,4
1005705,1
1005707,7
1005708,7
1005709,4
1005710,4
1005711,4
1005712,7
1005713,3
1005714,11
1005715,5
1005717,6
1005718,6
1005719,9
1005721,5
1005722,11
1005724,2
1005726,7
1005727,12
1005728,5
1005729,3
1005731,4
1005732,4
1005733,6
1005734,3
1005735,5
1005736,5
1005738,4
1005739,8
1005740,7
1005741,5
1005743,9
1005744,7
1005745,7
1005748,4
1005749,5
1005750,5
1005751,13
1005752,6
1005753,4
1005755,7
1005756,2
1005758,6
1005760,8
1005761,5
1005762,8
1005763,7
1005764,7
1005765,0
1005766,5
1005767,5
1005768,4
1005769,7
1005771,4
1005772,2
1005773,2
1005775,8
1005776,3
1005777,2
1005778,5
1005779,6
1005781,3
1005782,1
1005786,6
1005787,7
1005788,5
1005790,7
1005791,6
1005792,5
1005793,5
1005794,4
1005795,5
1005796,4
1005797,3
1005798,1
1005799,5
1005800,5
1005801,3
1005802,3
1005803,4
1005805,2
1005806,7
1005807,2
1005808,3
1005809,5
1005810,4
1005811,8
1005812,4
1005813,4
1005814,8
1005816,3
1005817,9
1005818,5
1005819,3
1005821,5
1005822,4
1005823,5
1005824,7
1005825,1
1005827,4
1005828,6
1005829,5
1005831,4
1005832,2
1005834,0
1005835,6
1005836,4
1005837,6
1005838,8
1005839,4
1005840,2
1005841,7
1005843,5
1005844,10
1005845,9
1005846,5
1005847,4
1005848,6
1005849,6
1005850,9
1005851,4
1005853,8
1005854,4
1005855,5
1005856,6
1005857,5
1005858,3
1005859,6
1005860,7
1005861,4
1005862,5
1005863,3
1005865,9
1005866,2
1005867,8
1005868,7
1005869,6
1005872,2
1005873,4
1005874,4
1005875,6
1005877,4
1005878,5
1005879,5
1005880,7
1005881,8
1005882,7
1005883,6
1005884,4
1005886,5
1005887,4
1005888,6
1005889,8
1005891,2
1005892,8
1005893,6
1005894,6
1005895,3
1005896,5
1005897,2
1005898,3
1005899,5
1005900,5
1005901,2
1005902,2
1005904,6
1005905,7
1005906,6
1005907,7
1005908,4
1005911,4
1005912,5
1005913,1
1005915,10
1005916,7
1005918,2
1005919,5
1005920,4
1005921,8
1005922,8
1005923,5
1005924,6
1005925,6
1005926,5
1005927,3
1005928,0
1005930,6
1005931,3
1005932,4
1005933,5
1005935,3
1005936,9
1005937,8
1005938,6
1005939,5
1005940,5
1005941,4
1005942,4
1005944,5
1005945,5
1005946,8
1005947,5
1005948,4
1005949,6
1005950,4
1005951,6
1005953,7
1005954,4
1005955,7
1005956,5
1005957,3
1005958,4
1005959,5
1005960,6
1005961,4
1005963,5
1005964,4
1005966,7
1005968,3
1005969,4
1005970,2
1005972,4
1005973,2
1005974,5
1005975,7
1005976,7
1005978,10
1005979,6
1005980,9
1005981,7
1005982,8
1005983,5
1005985,6
1005986,5
1005987,8
1005988,5
1005989,5
1005990,4
1005991,8
1005992,3
1005993,11
1005994,4
1005995,7
1005997,4
1005998,4
1006000,6
1006001,10
1006002,6
1006003,3
1006004,4
1006006,3
1006008,5
1006009,2
1006010,7
1006011,3
1006012,8
1006014,9
1006015,5
1006016,8
1006017,4
1006018,6
1006019,5
1006020,3
1006021,8
1006022,4
1006023,3
1006024,5
1006025,3
1006026,3
1006027,7
1006028,5
1006030,5
1006031,10
1006033,4
1006036,1
1006037,5
1006038,7
1006039,3
